{
    "score": 18,
    "lines": [
        [
            0.6006841869336682,
            -0.7994864023658175,
            -0.4533693617599824
        ],
        [
            -0.6006841869336682,
            -0.7994864023658175,
            -0.4533693617599824
        ],
        [
            0.8934754797042462,
            0.4491119762011109,
            -0.6329183514121597
        ],
        [
            -0.8934754797042462,
            0.4491119762011109,
            -0.6329183514121597
        ],
        [
            0.5841826864127181,
            0.8116221959111393,
            -0.47043920027248054
        ],
        [
            -0.5841826864127181,
            0.8116221959111393,
            -0.47043920027248054
        ],
        [
            0.9096956554371619,
            -0.41527558858997765,
            -0.904666077672027
        ],
        [
            -0.9096956554371619,
            -0.41527558858997765,
            -0.904666077672027
        ],
        [
            0.05845745639701607,
            0.9982899006759465,
            -27.347636350645914
        ],
        [
            -0.05845745639701607,
            0.9982899006759465,
            -27.347636350645914
        ]
    ]
}