{
    "n_lines": 10,
    "score": 25,
    "lines": [
        [
            0.5289724654865302,
            -0.9418797656441488,
            -0.9226213950276345
        ],
        [
            -0.8103087764515733,
            -0.3308071059535881,
            1.2230704139302058
        ],
        [
            -0.7075769227116461,
            -0.6372915552941476,
            -0.7729110017152917
        ],
        [
            0.6335568138472378,
            0.7831710254013211,
            -0.12565745684053098
        ],
        [
            1.0280089810759698,
            -0.04779375797812474,
            -0.6439471587174674
        ],
        [
            -1.0216666179043419,
            -0.2440585673351117,
            -0.509227237245719
        ],
        [
            -0.9944424490247022,
            -0.2270260596802967,
            -3.983118968431239
        ],
        [
            -0.0701240065268222,
            0.9613804717396178,
            -0.5700574281238547
        ],
        [
            0.9915393028032063,
            -0.39662905998296677,
            2.169707225116894
        ],
        [
            -0.6519253720133124,
            -0.7756679889443465,
            -1.3350733205322234
        ]
    ]
}