{
    "n_lines": 10,
    "score": 25,
    "lines": [
        [
            0.3811923954876982,
            -0.8876941746143617,
            -0.968669065274728
        ],
        [
            -0.9137667356368572,
            -0.36363110899093054,
            1.3926930935141806
        ],
        [
            -0.7455529296548594,
            -0.7282253230527939,
            -0.8998985069860501
        ],
        [
            0.5880487613474514,
            0.8136885721434572,
            0.018960327146243315
        ],
        [
            0.9794616946102387,
            -0.08375349544290309,
            -0.6609921989741826
        ],
        [
            -1.0170651731419584,
            -0.23308977584174595,
            -0.48328679230147037
        ],
        [
            -0.9822103950169047,
            -0.1686880592578141,
            -3.8688268704617217
        ],
        [
            -0.05813596192089311,
            1.064351979011576,
            -0.4350882580803949
        ],
        [
            0.9248322646732438,
            -0.33601768053801834,
            2.225785947909826
        ],
        [
            -0.640837731393412,
            -0.7599060726559081,
            -1.2846784559122062
        ]
    ]
}