{
    "n_lines": 10,
    "score": 25,
    "lines": [
        [
            0.11819247971051319,
            -1.1440211814803671,
            -1.3219300575064334
        ],
        [
            -0.522096249009713,
            -0.15789629379825906,
            1.6151482926438243
        ],
        [
            -1.1106418504683289,
            -0.9269128510071966,
            -0.7678871870675767
        ],
        [
            0.6316474441346329,
            0.7846813397431319,
            0.21305725839658338
        ],
        [
            1.4471593309776685,
            -0.08849663379312711,
            -0.4904147251581809
        ],
        [
            -1.0201714952209529,
            -0.23119087404564584,
            -0.8607630075916912
        ],
        [
            -0.7685313263821545,
            -0.688082243596325,
            -4.111974129721877
        ],
        [
            0.025600509947719848,
            1.2708359403241085,
            -0.4586284191502722
        ],
        [
            1.5634570056275647,
            -0.20138859910109735,
            2.3305585178010038
        ],
        [
            -0.5471204173584174,
            -0.8391294208191163,
            -1.463140070266803
        ]
    ]
}