{
    "n_lines": 10,
    "score": 25,
    "lines": [
        [
            0.3087570852847397,
            -1.1367921391373252,
            -0.9882453612821458
        ],
        [
            -1.0268310029844838,
            -0.5042916001902745,
            1.1951518690068854
        ],
        [
            -0.8265008751383194,
            -0.6036091301919436,
            -0.8248609776389583
        ],
        [
            0.6767288503535942,
            0.7543857292053271,
            0.1072567963828872
        ],
        [
            0.9642621219527103,
            -0.20047734975643217,
            -0.08054448796070382
        ],
        [
            -0.6075601927709406,
            -0.1948344255879691,
            -0.6491030593069599
        ],
        [
            -0.735080214688323,
            -0.6419387344435935,
            -2.9865697931917112
        ],
        [
            0.21025258319100537,
            1.1451918472521052,
            -0.3564728288401134
        ],
        [
            1.1585131509029212,
            -0.24198639850979364,
            2.596101846065307
        ],
        [
            -0.455022106816011,
            -0.8031712641687655,
            -1.2783493088086673
        ]
    ]
}