{
    "n_lines": 10,
    "score": 25,
    "lines": [
        [
            0.37987492540340284,
            -0.898119279679871,
            -0.9006051052075904
        ],
        [
            -0.9133428616223099,
            -0.4180880401115498,
            1.3308780303922305
        ],
        [
            -0.7672374020348691,
            -0.7281951091217597,
            -0.8638618157917215
        ],
        [
            0.6098392684667643,
            0.7848253634757454,
            -0.04007747808587612
        ],
        [
            0.988424387583223,
            -0.03330243063937174,
            -0.6599024550985633
        ],
        [
            -0.9510141580098428,
            -0.2138318502968387,
            -0.48123429816066704
        ],
        [
            -0.9648976199162219,
            -0.15235457865166652,
            -4.1624592802683145
        ],
        [
            -0.002015881078515502,
            0.9759395134221903,
            -0.44565531536799646
        ],
        [
            0.9164829344795812,
            -0.32428686587444483,
            2.211097932799889
        ],
        [
            -0.55511269448818,
            -0.7826137915364165,
            -1.3317086726758771
        ]
    ]
}