{
    "n_lines": 10,
    "score": 25,
    "lines": [
        [
            0.29593417428151736,
            -0.8681506428438004,
            -0.79188811116335
        ],
        [
            -0.9964101122434917,
            -0.4038541742091434,
            1.430198024443888
        ],
        [
            -0.7510902598843084,
            -0.7136469855130799,
            -0.9547888324779747
        ],
        [
            0.47022789574997037,
            0.7375128013249166,
            -0.09862318700412412
        ],
        [
            1.0853215528224422,
            -0.14596719927295126,
            -0.6823966550158783
        ],
        [
            -0.8113871305034827,
            -0.24903097397555463,
            -0.5156599096716807
        ],
        [
            -0.89523378977984,
            -0.20010316052808147,
            -3.795668866501834
        ],
        [
            -0.15621283570212244,
            0.8693381469690861,
            -0.4677788836223808
        ],
        [
            1.126216070243483,
            -0.2670100775175367,
            2.1973093783874833
        ],
        [
            -0.4892836310884698,
            -0.792140652792877,
            -1.3345277313960309
        ]
    ]
}