{
    "n_lines": 10,
    "score": 25,
    "lines": [
        [
            0.5481807100749458,
            -0.9172136740513167,
            -0.9218300193689181
        ],
        [
            -1.5835970950094023,
            -0.19857106810376163,
            1.8027559717926103
        ],
        [
            -1.2109658964786874,
            -0.7858090752324984,
            -1.6300658062433464
        ],
        [
            0.9527812632272068,
            1.1220730385457223,
            0.4123349759823068
        ],
        [
            1.1778423531315756,
            -0.3640613329885961,
            -0.02515962520314923
        ],
        [
            -1.1859724409283783,
            -0.011451510067227142,
            -0.9269853819003696
        ],
        [
            -0.8979570453730926,
            -0.2338408300736768,
            -4.3752526360315045
        ],
        [
            0.2739694565520031,
            1.2845347475011895,
            0.06469964410096576
        ],
        [
            1.0310232666600605,
            -0.49912295647231675,
            1.889692783469338
        ],
        [
            -0.5917741638304447,
            -0.9827212558766769,
            -1.9974677125363083
        ]
    ]
}