{
    "n_lines": 10,
    "score": 25,
    "lines": [
        [
            0.4158398209252635,
            -0.8911463183090756,
            -0.9279856589005222
        ],
        [
            -0.9083212064833319,
            -0.4085072928424713,
            1.3309214694642446
        ],
        [
            -0.7217270802223463,
            -0.7018183874077708,
            -0.8976593105105658
        ],
        [
            0.5849920303371424,
            0.8073037649978112,
            -0.05931345898187686
        ],
        [
            1.0058964753092092,
            -0.03813241539534433,
            -0.6992535617658246
        ],
        [
            -0.9557778214442871,
            -0.24788918975721558,
            -0.4384059246404399
        ],
        [
            -0.9793093270404746,
            -0.23885785277494193,
            -4.103798998159099
        ],
        [
            -0.05431040254757993,
            1.0021193882468324,
            -0.49840065725216776
        ],
        [
            0.968394892527427,
            -0.29313041436245524,
            2.2690739229009704
        ],
        [
            -0.5830280752718794,
            -0.8123496393111943,
            -1.4326899262369162
        ]
    ]
}