{
    "n_lines": 10,
    "score": 25,
    "lines": [
        [
            0.39722491545041017,
            -0.9608658676948505,
            -0.9561640634998393
        ],
        [
            -1.0809813736285474,
            -0.6381485085176553,
            1.3335065582740022
        ],
        [
            -0.7069582357337962,
            -0.6846691028498675,
            -0.7830994604189685
        ],
        [
            0.7445767748482885,
            0.9621390707012069,
            -0.03537403581851231
        ],
        [
            0.9601607550163381,
            -0.17646212534869782,
            -0.6424316565177908
        ],
        [
            -0.7989888130142915,
            -0.29813613817997436,
            -0.3968715598152535
        ],
        [
            -0.9377324901351637,
            -0.1820660074950363,
            -3.7166195512738742
        ],
        [
            -0.1920523259597814,
            0.9867419712681307,
            -0.512950803730798
        ],
        [
            0.9713279811554338,
            -0.3182945020618859,
            2.145662847115874
        ],
        [
            -0.2885860376973689,
            -0.7549883826613419,
            -1.3053221923116645
        ]
    ]
}