{
    "n_lines": 10,
    "score": 25,
    "lines": [
        [
            0.37542982377347567,
            -0.982270960374015,
            -1.107130191547973
        ],
        [
            -1.0520645867666205,
            -0.5296698798205773,
            1.4159133550471266
        ],
        [
            -0.9224778343086723,
            -0.8229733152485824,
            -0.5637673030241588
        ],
        [
            0.7155351178403112,
            1.0192831810950291,
            -0.10511952904602984
        ],
        [
            0.9636559831149241,
            -0.03171034540894146,
            -0.4438337189403631
        ],
        [
            -0.8528828194226447,
            -0.13332337243422274,
            -0.5040090894941128
        ],
        [
            -0.9325066576559233,
            -0.183513040423484,
            -4.063226137500859
        ],
        [
            -0.15215567299542082,
            1.0140689981135733,
            -0.40328865147182136
        ],
        [
            0.8343674718999434,
            -0.4610440776931259,
            1.9949256045231338
        ],
        [
            -0.49752690459665533,
            -0.7330246691853669,
            -1.21341293923161
        ]
    ]
}