{
    "n_lines": 10,
    "score": 25,
    "lines": [
        [
            0.15323779338369714,
            -0.8476831336185411,
            -1.2525070528082876
        ],
        [
            -0.6828168565805658,
            -0.511057835979219,
            1.199526418526162
        ],
        [
            -0.7742230334416071,
            -0.46729586797159356,
            -0.5845447813235551
        ],
        [
            0.6255938067587657,
            0.8644339392081606,
            -0.516897232762351
        ],
        [
            1.151807598568196,
            -0.1352983627797812,
            -0.8314541849304281
        ],
        [
            -0.7503232986583606,
            -0.09070904046668359,
            -0.09305350381351171
        ],
        [
            -0.924936066128694,
            -0.20997537447176892,
            -4.991139252422925
        ],
        [
            -0.1426374332424266,
            1.1935554815753346,
            -0.5201090053405963
        ],
        [
            0.8243581406533096,
            -0.6183508105598292,
            1.909473765983342
        ],
        [
            -0.6888571866478493,
            -1.0704209236250242,
            -2.4230253832423445
        ]
    ]
}