{
    "n_lines": 10,
    "score": 25,
    "lines": [
        [
            0.4519274351048208,
            -0.8948907882340316,
            -0.92937356630942
        ],
        [
            -0.9239667726994212,
            -0.45064241400629285,
            1.3160343300504374
        ],
        [
            -0.7497419590493072,
            -0.6839932259794577,
            -0.871262742358844
        ],
        [
            0.6085544137707266,
            0.77830722659664,
            -0.03733131439123491
        ],
        [
            0.9836114874136748,
            -0.06243169086973813,
            -0.6911389791012326
        ],
        [
            -0.9741215057577575,
            -0.2784851539260014,
            -0.45999516674368585
        ],
        [
            -0.988881213036066,
            -0.12954212546624155,
            -4.2745861940838275
        ],
        [
            -0.07877382385283904,
            1.0027502040847545,
            -0.5049582296191942
        ],
        [
            0.9713010043256142,
            -0.3369933856676399,
            2.218805791703224
        ],
        [
            -0.6124852401724706,
            -0.8123035534142826,
            -1.3079847610827047
        ]
    ]
}