{
    "n_lines": 10,
    "score": 25,
    "lines": [
        [
            0.38364432388718334,
            -0.9117589610694996,
            -0.9626924306205371
        ],
        [
            -0.890236777716812,
            -0.3807486785707983,
            1.3179622979899737
        ],
        [
            -0.7291726441840591,
            -0.6952212681277392,
            -0.8370938638748999
        ],
        [
            0.6030046280246688,
            0.7815348889699858,
            -0.14983848938174027
        ],
        [
            1.0549836354800528,
            -0.06799687145430844,
            -0.6535032463566324
        ],
        [
            -0.9291561121866089,
            -0.23648075976515182,
            -0.42451644249891096
        ],
        [
            -0.9818617173887049,
            -0.2904161771983531,
            -4.023752762209532
        ],
        [
            -0.10107791371488598,
            0.9959219399937969,
            -0.5010956638595968
        ],
        [
            0.9473221624608781,
            -0.30093964612891994,
            2.3063302300888253
        ],
        [
            -0.5360730470171977,
            -0.8217042638992722,
            -1.2316807303949528
        ]
    ]
}