{
    "n_lines": 10,
    "score": 25,
    "lines": [
        [
            0.31588970130843946,
            -1.3403177282702161,
            -0.9088639845580618
        ],
        [
            -1.4257708039139407,
            -0.6859718442694462,
            1.6970577681878283
        ],
        [
            -0.7490889972719853,
            -0.7992702031258561,
            -0.9129482271436918
        ],
        [
            0.3702769222385163,
            1.0187365388006873,
            0.004284508929528478
        ],
        [
            1.043666362017721,
            -0.09104523284090127,
            -0.28528262702984086
        ],
        [
            -0.8056631677147017,
            -0.4687108756715574,
            -0.7437559886304577
        ],
        [
            -0.5001477678555812,
            -0.6648093359402057,
            -2.97610352771262
        ],
        [
            -0.24328256090416286,
            0.8441715234089735,
            -0.4025320939628548
        ],
        [
            1.1326403654562336,
            -0.17753872601456633,
            2.270328658942188
        ],
        [
            -0.2881101472885773,
            -0.7000724260666001,
            -1.0451683048616935
        ]
    ]
}