{
    "n_lines": 10,
    "score": 25,
    "lines": [
        [
            0.45618874321558944,
            -0.8141436552908766,
            -0.920670972191521
        ],
        [
            -0.86731741651105,
            -0.35489767243165704,
            1.2770070264716034
        ],
        [
            -0.7179269761344171,
            -0.6696544986591024,
            -0.8781140845147521
        ],
        [
            0.5541594732088662,
            0.7698724799344928,
            -0.19794969787841207
        ],
        [
            0.9531960958235489,
            -0.11991842137170484,
            -0.7710817088049424
        ],
        [
            -1.04030694927481,
            -0.2961891064794379,
            -0.47926895039724804
        ],
        [
            -1.0096585909669131,
            -0.11691311801665191,
            -4.510243160708755
        ],
        [
            -0.034644051471824325,
            1.0299571205886635,
            -0.5205599369953563
        ],
        [
            0.9037655494642433,
            -0.21060682299211064,
            2.176404410654409
        ],
        [
            -0.5820318089742705,
            -0.7737482858092894,
            -1.2274314017628243
        ]
    ]
}