{
    "n_lines": 10,
    "score": 25,
    "lines": [
        [
            0.39362608626018114,
            -1.0667218244147876,
            -1.1453396054632992
        ],
        [
            -0.4182911235834572,
            -0.16127734027495172,
            1.203688139756538
        ],
        [
            -0.9590449416216705,
            -0.5115779914537197,
            -0.9751189746828084
        ],
        [
            0.8542017961020403,
            0.5413021934556411,
            -0.026650170395981262
        ],
        [
            0.5809069086268509,
            -0.2788295430465759,
            -0.5180069851717448
        ],
        [
            -0.7320870122216666,
            -0.12529751339800785,
            -0.3934662998017117
        ],
        [
            -0.790691483157497,
            0.007522157010203655,
            -4.6906723031010875
        ],
        [
            -0.11910513307588882,
            0.8742842502319744,
            -0.6422649145700684
        ],
        [
            1.053234171916079,
            -0.6047001588829444,
            1.6695207318874432
        ],
        [
            -1.0499274664686327,
            -0.3941581168583544,
            -0.749111445975509
        ]
    ]
}