{
    "n_lines": 10,
    "score": 25,
    "lines": [
        [
            0.3985257022871437,
            -0.9571112265911662,
            -0.9068815605721214
        ],
        [
            -0.9646595840233319,
            -0.3742048880869136,
            1.3699319249585085
        ],
        [
            -0.7561385572290009,
            -0.662818064184217,
            -0.8774903501032024
        ],
        [
            0.5972344756700336,
            0.7939631996692065,
            -0.1386682208954375
        ],
        [
            0.9861344009625493,
            -0.09279673255132836,
            -0.6957146678540064
        ],
        [
            -0.9554187415096487,
            -0.2134316553000397,
            -0.46024670705854726
        ],
        [
            -0.9652744246676241,
            -0.22346625823000368,
            -4.453751606509368
        ],
        [
            -0.03286090169128267,
            0.9944335233477885,
            -0.500496916331254
        ],
        [
            0.8877235049420886,
            -0.3331930272544484,
            2.2573147149467125
        ],
        [
            -0.6538769558794217,
            -0.775708711982916,
            -1.381665079468891
        ]
    ]
}