{
    "n_lines": 10,
    "score": 25,
    "lines": [
        [
            0.37636018460774096,
            -0.9002262416868682,
            -0.9592570187430828
        ],
        [
            -0.9245607292608649,
            -0.3736592931998483,
            1.3538607798197377
        ],
        [
            -0.7223757023587409,
            -0.6810901836018429,
            -0.8655211703845099
        ],
        [
            0.6091314946825767,
            0.802681804649386,
            -0.12953864246204214
        ],
        [
            0.996290496252221,
            -0.054395463564963074,
            -0.6605930390935337
        ],
        [
            -0.987680119881526,
            -0.2557836846531054,
            -0.42843458740695767
        ],
        [
            -0.9737905439630078,
            -0.2384628578048598,
            -3.9279809339111202
        ],
        [
            -0.045811791670625775,
            0.996873861777045,
            -0.41194443809643155
        ],
        [
            0.9702290824913601,
            -0.2955297432824981,
            2.2764305985787434
        ],
        [
            -0.5988580510625674,
            -0.7858817631960078,
            -1.275531525056423
        ]
    ]
}