{
    "n_lines": 10,
    "score": 25,
    "lines": [
        [
            0.3783924860981966,
            -0.8250564777263619,
            -0.9792962936130334
        ],
        [
            -1.1671659426297794,
            -0.4351132653616857,
            1.4114420595346517
        ],
        [
            -0.7250523537598658,
            -0.755584970645318,
            -0.8663844557472594
        ],
        [
            0.6701981585398151,
            0.9719538249720365,
            -0.26915477205328003
        ],
        [
            0.9204134789054597,
            -0.09193017873558061,
            -0.6262703011556434
        ],
        [
            -0.9609484914343039,
            -0.17503942167594028,
            -0.31413332048235576
        ],
        [
            -0.8924153602219682,
            -0.21205182811925657,
            -3.9095233007698953
        ],
        [
            -0.2172808559805732,
            1.02691348907629,
            -0.4110184329545289
        ],
        [
            0.984340690917154,
            -0.15551360763731897,
            1.9775569276152298
        ],
        [
            -0.5424549093263772,
            -0.9652380986248195,
            -1.3728654266170242
        ]
    ]
}