{
    "n_lines": 10,
    "score": 25,
    "lines": [
        [
            0.46745430267461013,
            -0.8992749465543782,
            -0.9739208173744921
        ],
        [
            -0.9079417806598098,
            -0.4229783920124315,
            1.3187529578791577
        ],
        [
            -0.7311605289330353,
            -0.6918825404814556,
            -0.8883313365098755
        ],
        [
            0.5764029400136377,
            0.8052232223089535,
            -0.1595118886143709
        ],
        [
            0.997809112255155,
            -0.08862221028705132,
            -0.6375341624849485
        ],
        [
            -0.9556274409985595,
            -0.256222729168768,
            -0.4384787219795335
        ],
        [
            -0.9822341872097039,
            -0.18355598099183804,
            -4.134030291720807
        ],
        [
            -0.037324853521920213,
            0.9997672936815244,
            -0.4909625597114217
        ],
        [
            0.9665337918803867,
            -0.2846418700079851,
            2.2573540635854874
        ],
        [
            -0.6204033636506172,
            -0.7874358361467221,
            -1.1600268916153713
        ]
    ]
}