{
    "n_lines": 10,
    "score": 25,
    "lines": [
        [
            0.1673791036942478,
            -1.1069791566927007,
            -0.6516108725825611
        ],
        [
            -0.5827311840073953,
            -0.35459926487197,
            1.4505285009183255
        ],
        [
            -0.7110697272797353,
            -0.7480832997323714,
            -0.830905322396164
        ],
        [
            0.6013666271390694,
            0.855101084198137,
            -0.34078276463727913
        ],
        [
            1.0920012132888257,
            -0.2701557344853379,
            -0.46761425388818917
        ],
        [
            -1.313509587765185,
            -0.3457763706167903,
            -0.85703029495605
        ],
        [
            -0.5557058714343414,
            -0.3272615852340929,
            -7.832997676824186
        ],
        [
            0.09662259553073202,
            0.6649297833314538,
            -0.28031057879581367
        ],
        [
            1.0284948739892674,
            -0.12453458467019542,
            2.6224717361563457
        ],
        [
            -0.5634419475588613,
            -0.947971169626792,
            -1.1199195903211976
        ]
    ]
}