{
    "n_lines": 10,
    "score": 25,
    "lines": [
        [
            0.3624112140694235,
            -0.893685417682575,
            -1.023803573399424
        ],
        [
            -0.9165152952404335,
            -0.39766973978690423,
            1.2636927065058754
        ],
        [
            -0.7492967178229314,
            -0.619343107650613,
            -0.8228261243988917
        ],
        [
            0.7539943356025922,
            0.7914580954243498,
            -0.0941435328127418
        ],
        [
            1.0088471438483937,
            -0.13322185976290507,
            -0.6189254553865392
        ],
        [
            -0.9684134133876011,
            -0.18126511205543597,
            -0.4565825714807687
        ],
        [
            -0.9740825861520706,
            -0.253997000460785,
            -4.12615384024661
        ],
        [
            -0.028411540200566833,
            1.043353434437924,
            -0.4691864118961723
        ],
        [
            0.9560710469116062,
            -0.2081404257295338,
            2.2756856827275933
        ],
        [
            -0.6349230822628531,
            -0.8520824246544447,
            -1.3084738732140728
        ]
    ]
}