{
    "n_lines": 10,
    "score": 25,
    "lines": [
        [
            0.7882525242998497,
            -1.0757225264904575,
            -1.1448277364042518
        ],
        [
            -0.6931576732927605,
            -0.5582362610131252,
            1.4475736724115122
        ],
        [
            -0.7315020079579093,
            -0.6784506410265834,
            -1.0403249302161222
        ],
        [
            0.6659249761034217,
            0.6849394482608289,
            0.05954830171974099
        ],
        [
            1.0738408688048104,
            0.06480475193952663,
            -0.39978229035481055
        ],
        [
            -0.6472450608820101,
            -0.1982669569409317,
            -0.39538951675180517
        ],
        [
            -0.9098689461803394,
            -0.1650313728725779,
            -3.4595633430878565
        ],
        [
            -0.21469680901472207,
            0.6759975704523156,
            -0.5203369714467997
        ],
        [
            1.1218219771385194,
            -0.397393168903815,
            1.8014723261436782
        ],
        [
            -1.1228388320743343,
            -0.7555301730198675,
            -0.9763765767835844
        ]
    ]
}