{
    "n_lines": 10,
    "score": 25,
    "lines": [
        [
            0.3924185314052805,
            -0.9053859333040486,
            -0.9713460385902647
        ],
        [
            -0.8766059088693402,
            -0.35459080683766353,
            1.4109020440783846
        ],
        [
            -0.74589658737968,
            -0.6833151820909822,
            -0.8823007902405857
        ],
        [
            0.6394364766292491,
            0.8396302363609758,
            -0.09287595544527921
        ],
        [
            0.9790493060691186,
            -0.08730828641311965,
            -0.6154611806751448
        ],
        [
            -0.9570845123556054,
            -0.27386933670817454,
            -0.4755587552803593
        ],
        [
            -0.9031209368638873,
            -0.30280718650733646,
            -4.144359512798529
        ],
        [
            -0.040233597204934565,
            1.052349692698405,
            -0.42329269696760985
        ],
        [
            0.9694683402120311,
            -0.31371621891738627,
            2.3259277990464824
        ],
        [
            -0.6337385943342853,
            -0.8256939350362338,
            -1.2688354271084346
        ]
    ]
}