{
    "n_lines": 10,
    "score": 25,
    "lines": [
        [
            0.3979808197869077,
            -0.9267242122203844,
            -0.9891470589461558
        ],
        [
            -0.9532636850691498,
            -0.5748814933875446,
            1.660759463980955
        ],
        [
            -0.719705979424991,
            -0.611229259635752,
            -0.8809767857142601
        ],
        [
            0.5597642177558037,
            0.9283932678836949,
            0.020982598882760106
        ],
        [
            0.9927207860760652,
            -0.043917689371469504,
            -0.5600188809139317
        ],
        [
            -0.8121369962569722,
            -0.16806616644735273,
            -0.5203670419462065
        ],
        [
            -0.8285057470270594,
            -0.17337793463893109,
            -4.106208936115327
        ],
        [
            -0.014449249755027621,
            1.0386176675885446,
            -0.4233110503374292
        ],
        [
            1.020172527381529,
            -0.20851710337072835,
            2.129152546971519
        ],
        [
            -0.6483023161880096,
            -0.7357175583273826,
            -1.184243248993692
        ]
    ]
}