{
    "n_lines": 10,
    "score": 25,
    "lines": [
        [
            0.5413256123681046,
            -0.8186343013879848,
            -0.6249429221702
        ],
        [
            -1.4670700619121249,
            -0.9393542951166649,
            1.2610293927251455
        ],
        [
            -1.0574382132886466,
            -0.7778527177981494,
            -0.8608290571890449
        ],
        [
            0.7886565105697623,
            1.065878775289584,
            -0.1267523550106009
        ],
        [
            0.737352359977615,
            0.07373694209097047,
            -0.3868720473696442
        ],
        [
            -0.729873533509836,
            -0.1799293729644675,
            -0.4801948029281304
        ],
        [
            -0.9445952174833332,
            -0.09338593243740678,
            -4.565699134824989
        ],
        [
            -0.28895784061537,
            1.1647942083143394,
            -0.47802947861115985
        ],
        [
            1.1934530411121052,
            -0.35921164813754136,
            2.0172807677272355
        ],
        [
            -0.598405190894991,
            -0.6416805338307905,
            -1.0236536753431582
        ]
    ]
}