{
    "n_lines": 10,
    "score": 25,
    "lines": [
        [
            0.3925295749565707,
            -0.9339919530976192,
            -0.9072096207661825
        ],
        [
            -0.9381203236694498,
            -0.37083847700490186,
            1.3709240717202802
        ],
        [
            -0.8022052760101696,
            -0.6981879801283835,
            -0.8573385648335919
        ],
        [
            0.6436223289434125,
            0.7680701288513256,
            -0.05644523685703394
        ],
        [
            0.9412373147037183,
            -0.09782959735568993,
            -0.6858545205610113
        ],
        [
            -0.9657872388272448,
            -0.2521989380016937,
            -0.43705289820184345
        ],
        [
            -0.8614950282813167,
            -0.3762310190636546,
            -4.024097321004627
        ],
        [
            -0.08056159367128098,
            0.9359947187178634,
            -0.46727132619632133
        ],
        [
            0.9787656962869813,
            -0.33432076837457453,
            2.2305229178734347
        ],
        [
            -0.5337475772792686,
            -0.8014539335510308,
            -1.4177172795633597
        ]
    ]
}