{
    "n_lines": 10,
    "score": 25,
    "lines": [
        [
            0.4126963282948279,
            -0.9108686736363084,
            -0.9343108163025926
        ],
        [
            -0.9260764493190968,
            -0.37733593788100034,
            1.3401921073794887
        ],
        [
            -0.7300282827843507,
            -0.6834169344806522,
            -0.8771607337807386
        ],
        [
            0.5883719754248882,
            0.8085903898356785,
            -0.06581947528224737
        ],
        [
            0.9937536122489723,
            -0.11159640738894358,
            -0.6768366779297919
        ],
        [
            -0.9725176602990202,
            -0.23282912276285284,
            -0.45407377380775005
        ],
        [
            -0.9672812282312032,
            -0.25370657364667343,
            -3.8342495914342907
        ],
        [
            -0.06669684398431154,
            0.9977732863744811,
            -0.5048670982199754
        ],
        [
            0.9493226480008882,
            -0.31430321346206774,
            2.2051288321992955
        ],
        [
            -0.5663690381083119,
            -0.8241517534242498,
            -1.234634379251375
        ]
    ]
}