{
    "n_lines": 10,
    "score": 25,
    "lines": [
        [
            0.46913642747453144,
            -1.5823978295691628,
            -0.899552710568157
        ],
        [
            -1.0763650929570667,
            -0.5790086228123827,
            0.9754933709482937
        ],
        [
            -0.9416427426455816,
            -0.5192916014888789,
            -0.8185758350651992
        ],
        [
            1.4856075482793911,
            1.5808331363282169,
            0.15551369486721206
        ],
        [
            1.579087490541578,
            0.25382516260289073,
            -0.40739667252557654
        ],
        [
            -0.5433404637521839,
            -0.4567221147813156,
            -0.4588506113301851
        ],
        [
            -0.4520273268873969,
            -0.6610918715965968,
            -2.0276566216014973
        ],
        [
            0.05803536123762454,
            1.0392254133427485,
            -0.916932022763865
        ],
        [
            1.264498073064188,
            0.09530848160067558,
            2.7517935504038817
        ],
        [
            -0.4907880983189335,
            -0.6784277755334771,
            -1.5060195255655302
        ]
    ]
}