{
    "n_lines": 10,
    "score": 25,
    "lines": [
        [
            0.42965386336718825,
            -0.9029936642599712,
            -0.9924313550499538
        ],
        [
            -0.9219848075668474,
            -0.38722605105535357,
            1.3609047927686713
        ],
        [
            -0.7291119762706645,
            -0.6843944228722836,
            -0.8591972552149922
        ],
        [
            0.5705908161522903,
            0.8212345100655861,
            -0.12180481750935244
        ],
        [
            0.9949045831589002,
            -0.10082098198993675,
            -0.6751371898544563
        ],
        [
            -0.9664933228428247,
            -0.2566917546401429,
            -0.4601158324095574
        ],
        [
            -0.9629018520157806,
            -0.26985185451387894,
            -4.18365127641465
        ],
        [
            -0.08310103552323336,
            0.9965411270464287,
            -0.46985274103956987
        ],
        [
            0.9615147014153471,
            -0.27475348762510005,
            2.303027548230589
        ],
        [
            -0.62372971070497,
            -0.7816401013151093,
            -1.2582485256412874
        ]
    ]
}