{
    "n_lines": 10,
    "score": 25,
    "lines": [
        [
            0.4573797070454699,
            -0.9152448206191318,
            -0.9354226847272511
        ],
        [
            -0.9495362582326028,
            -0.36686324578088275,
            1.3041680350801999
        ],
        [
            -0.7923890345792457,
            -0.7381072784778024,
            -0.9720114018205078
        ],
        [
            0.6006543551602561,
            0.8150029077179787,
            -0.020960171857334394
        ],
        [
            0.9848588161400343,
            -0.11660161381029374,
            -0.6785893013667559
        ],
        [
            -0.9458435687117451,
            -0.23027875180729865,
            -0.46617264108378953
        ],
        [
            -0.9270972110288648,
            -0.2538273653894037,
            -4.49188099993993
        ],
        [
            -0.03532161369224597,
            0.9855013013328017,
            -0.41577823619034476
        ],
        [
            0.939264047182008,
            -0.33288620935451535,
            2.2449521280279208
        ],
        [
            -0.6427838304831521,
            -0.8137362891469472,
            -1.2524082738941946
        ]
    ]
}