{
    "n_lines": 10,
    "score": 25,
    "lines": [
        [
            0.46932825002945633,
            -0.8574411789671872,
            -0.830132614292209
        ],
        [
            -0.8619280082711146,
            -0.3144976134292426,
            1.3162866055780373
        ],
        [
            -0.7853172363972939,
            -0.7412862010257202,
            -0.666944866313661
        ],
        [
            0.5931531612571829,
            0.7009126138842587,
            -0.07189255735238663
        ],
        [
            0.9473323347723932,
            -0.005104294668464499,
            -0.6414659732736506
        ],
        [
            -0.9972109907399109,
            -0.21111463507246853,
            -0.5816470942444663
        ],
        [
            -1.088941195811728,
            -0.2859397804714962,
            -3.9733151963590374
        ],
        [
            -0.1166946219275909,
            0.9888591536812472,
            -0.3551712835677269
        ],
        [
            1.1711273871278616,
            -0.3725543374457288,
            2.2593908220028482
        ],
        [
            -0.45645791225976645,
            -0.8651067293931434,
            -1.3842560856390294
        ]
    ]
}