{
    "n_lines": 10,
    "score": 25,
    "lines": [
        [
            0.5215510620783178,
            -0.9446819393356966,
            -1.0507667975290769
        ],
        [
            -0.8261028928655255,
            -0.5221301599905032,
            1.2358328469011652
        ],
        [
            -0.8404000825795659,
            -0.7153156099151682,
            -1.048125224262221
        ],
        [
            0.6699515578969344,
            0.6694021425044051,
            -0.08018053831914151
        ],
        [
            0.9864212275782294,
            -0.19404502429094647,
            -0.3788322871850515
        ],
        [
            -1.0587041965743715,
            -0.3951649577692416,
            -0.7093484699887916
        ],
        [
            -0.8181141052821883,
            -0.3068194908398257,
            -4.645206207781438
        ],
        [
            -0.09501257681921903,
            0.9223463660006187,
            -0.633987193100499
        ],
        [
            0.8889035008191344,
            -0.07791366541271581,
            2.4502778129737925
        ],
        [
            -0.451037935583306,
            -0.7395657551694873,
            -1.2382435661101654
        ]
    ]
}