{
    "n_lines": 10,
    "score": 25,
    "lines": [
        [
            0.4448721676948113,
            -0.9595184603312876,
            -1.1294434058936274
        ],
        [
            -0.7877583705658475,
            -0.5186237682278259,
            1.386548539147841
        ],
        [
            -0.8274754870638473,
            -0.6339702040537619,
            -0.8442697537598894
        ],
        [
            0.5701145359091061,
            0.7865203302832777,
            -0.26590315390635544
        ],
        [
            1.0969435676920862,
            -0.10366841223325537,
            -0.6332363112309259
        ],
        [
            -0.9841416840546199,
            -0.24652579811928022,
            -0.38833291550971466
        ],
        [
            -1.06016057910821,
            -0.19858331491784445,
            -3.8534795949830927
        ],
        [
            -0.05190598407121895,
            0.9412218118748176,
            -0.5825253008996871
        ],
        [
            0.9876617724383349,
            -0.24138853154377365,
            2.1226674045716787
        ],
        [
            -0.616615001099693,
            -0.8248627393729829,
            -1.3135754856678759
        ]
    ]
}