{
    "n_lines": 10,
    "score": 25,
    "lines": [
        [
            0.3164364844591085,
            -0.7515035837174965,
            -1.1694111305065245
        ],
        [
            -0.8320917082975463,
            -0.5262149453969529,
            1.3538798837276886
        ],
        [
            -0.723280884666603,
            -0.5891830210374988,
            -0.856464038058133
        ],
        [
            0.49217728270252553,
            0.6395612246507582,
            -0.029138624467365155
        ],
        [
            0.7707506940217913,
            0.03695248978309865,
            -0.8059445565126375
        ],
        [
            -1.486112180012896,
            -0.4092661163889336,
            -0.5614770725402379
        ],
        [
            -1.164046529763227,
            -0.11271749616747886,
            -4.457235922292758
        ],
        [
            -0.05814363876374487,
            0.6155148830726991,
            -0.1490550683392723
        ],
        [
            1.1000622093781942,
            -0.4062422440916361,
            2.5868537482205207
        ],
        [
            -0.601258662388261,
            -0.5558803592815282,
            -1.502152557226693
        ]
    ]
}