{
    "n_lines": 10,
    "score": 25,
    "lines": [
        [
            0.5462734474309491,
            -0.9486202783428509,
            -0.8208129559692254
        ],
        [
            -0.879645778101199,
            -0.42984543344203996,
            1.2955947091832758
        ],
        [
            -0.7121156938038377,
            -0.7385637657402889,
            -0.9619746492165525
        ],
        [
            0.6192291158711035,
            0.8298806241485076,
            -0.1061398366402227
        ],
        [
            1.0048198595354423,
            -0.04968455887259895,
            -0.6903439563695293
        ],
        [
            -1.0796909772923595,
            -0.19251446759562718,
            -0.517693417968908
        ],
        [
            -0.8410149056506376,
            -0.3704203303307989,
            -4.2814624202454485
        ],
        [
            -0.06257702547485974,
            1.092793288448594,
            -0.5672869167133814
        ],
        [
            1.0296192673597822,
            -0.3501616269520241,
            2.317321739838189
        ],
        [
            -0.598282011436285,
            -0.7708194259073279,
            -1.1369663688995502
        ]
    ]
}