{
    "n_lines": 10,
    "score": 25,
    "lines": [
        [
            0.3039534371977085,
            -0.8741492703431224,
            -0.995104655963194
        ],
        [
            -0.7898015530801445,
            -0.48278564639604304,
            1.4958398229856689
        ],
        [
            -0.7145755023460294,
            -0.6638761506500882,
            -0.8941022823257324
        ],
        [
            0.5995428631094005,
            0.8285865151106213,
            -0.12601709366039296
        ],
        [
            1.0394551283657734,
            -0.14693040582690498,
            -0.6153993414197187
        ],
        [
            -0.9282040337920895,
            -0.09449500992677638,
            -0.397114670231391
        ],
        [
            -0.9263152130964217,
            -0.2286833501610894,
            -3.75079931813248
        ],
        [
            -0.0574139332199997,
            1.1598646669146635,
            -0.5465885585163494
        ],
        [
            1.0304762553520777,
            -0.3266005925978167,
            2.154001378929431
        ],
        [
            -0.603397903713263,
            -0.8472435626085653,
            -1.2508939975693636
        ]
    ]
}