{
    "n_lines": 10,
    "score": 25,
    "lines": [
        [
            0.33381901501538597,
            -0.8936215521291458,
            -0.9455563359516661
        ],
        [
            -0.9461707144818408,
            -0.3376176287967884,
            1.329793786606967
        ],
        [
            -0.7941222023081596,
            -0.6943023252264648,
            -0.85461576689449
        ],
        [
            0.5517033155630147,
            0.6634567025971684,
            -0.07619114683715282
        ],
        [
            0.9588797954193157,
            -0.021450593657169396,
            -0.5947949731599179
        ],
        [
            -0.9673144781449092,
            -0.22680676637668004,
            -0.634594088266836
        ],
        [
            -1.0610632415080472,
            -0.21246170187178032,
            -3.9310933054494908
        ],
        [
            -0.018046045698886196,
            1.0087005450144748,
            -0.3972718327829382
        ],
        [
            1.004963970909339,
            -0.27984647642425625,
            2.323849953767321
        ],
        [
            -0.5124634632701814,
            -0.7007088480104386,
            -1.2310941173403698
        ]
    ]
}