{
    "score": 25,
    "lines": [
        [
            0.14734470210658648,
            -0.9890852029836061,
            -0.8951012241329032
        ],
        [
            -0.966396532368006,
            -0.2570559126476058,
            0.9129597245006569
        ],
        [
            -0.264656415305771,
            -0.9643427719631122,
            -0.9866288962317576
        ],
        [
            0.21767577286198037,
            0.9760211359949842,
            0.46932044670280293
        ],
        [
            0.996643883909597,
            -0.08185944457173984,
            0.008548777106759445
        ],
        [
            -0.9894243878767246,
            0.1450495800571961,
            -0.8729697051892401
        ],
        [
            0.002680080426543816,
            0.9999964085780044,
            -13.528226622585034
        ],
        [
            -0.048313678576466026,
            0.9988322123672273,
            0.41303291156099325
        ],
        [
            0.10760465745742138,
            -0.9941937626506571,
            2.9681893540196675
        ],
        [
            0.03165596174857842,
            -0.9994988244544226,
            -1.423196055105574
        ]
    ]
}