{
    "n_lines": 10,
    "score": 25,
    "lines": [
        [
            0.20162703478347746,
            -0.7409871800016821,
            -1.416455816276452
        ],
        [
            -0.8524204893942735,
            -0.5028391033310317,
            1.4303776297540514
        ],
        [
            -0.5413694879793436,
            -0.4277018205002219,
            -0.7818290219112395
        ],
        [
            0.5888570598939158,
            1.063967133238902,
            0.2280953645590528
        ],
        [
            1.4688161279357241,
            0.016606107706569312,
            -0.662349320383302
        ],
        [
            -0.5357890446120003,
            -0.09623315892788922,
            -0.3956868340360925
        ],
        [
            -1.2692147073749727,
            -0.6889867018300824,
            -4.3710196432237955
        ],
        [
            0.08704529743651453,
            0.9170810740127772,
            0.07432176550801936
        ],
        [
            1.2934174918755545,
            -0.015564830976951037,
            2.0224416517245936
        ],
        [
            -0.5802952919591796,
            -0.7303300119065829,
            -1.7581328231092606
        ]
    ]
}