{
    "n_lines": 10,
    "score": 25,
    "lines": [
        [
            0.43483484470827927,
            -0.9005102208345703,
            -0.8857000884720986
        ],
        [
            -0.9324087284701187,
            -0.3614055382430332,
            1.3525523603829988
        ],
        [
            -0.7191489911355731,
            -0.6948559048814995,
            -0.8523553212109072
        ],
        [
            0.5911559918717693,
            0.8065572473632016,
            -0.07789153251297154
        ],
        [
            0.996046364788887,
            -0.08883489849627535,
            -0.6892203123163093
        ],
        [
            -0.971862989725781,
            -0.23554687262043295,
            -0.4599303327776153
        ],
        [
            -0.9960834009490496,
            -0.08841865387900287,
            -4.273991058085425
        ],
        [
            -0.0831107018483246,
            0.9965403209295042,
            -0.4645012500063582
        ],
        [
            0.9553879088247463,
            -0.2953539295006556,
            2.240053917475591
        ],
        [
            -0.631434195062983,
            -0.7754294663637451,
            -1.2393472963435281
        ]
    ]
}