{
    "n_lines": 10,
    "score": 25,
    "lines": [
        [
            0.38320927085381684,
            -1.1258007381323234,
            -1.079206278949474
        ],
        [
            -1.0301136451702395,
            -0.28719831219978226,
            1.7452487571063575
        ],
        [
            -0.865984421483419,
            -0.9085406794397755,
            -0.8571568423886846
        ],
        [
            0.7828604558709644,
            0.9905521240932372,
            -0.14144121112304606
        ],
        [
            1.1259121545870183,
            0.024942899253452472,
            -0.5966667571331076
        ],
        [
            -1.0890553427880307,
            -0.3006307234563998,
            -0.41014723547010595
        ],
        [
            -0.8798174821828476,
            -0.2403892905164065,
            -5.740547306459147
        ],
        [
            -0.16862385495524787,
            0.9538350859849611,
            -0.4539095219728088
        ],
        [
            1.0684851110488716,
            -0.08301225521864586,
            1.8228650131578636
        ],
        [
            -0.528282207770034,
            -0.8601214617229213,
            -1.1121655438304057
        ]
    ]
}