{
    "n_lines": 10,
    "score": 25,
    "lines": [
        [
            0.46648239147082704,
            -0.945593152067168,
            -1.0024385731455967
        ],
        [
            -0.685286798873327,
            -0.45665351914168967,
            1.5085037719117076
        ],
        [
            -0.7843261096886341,
            -0.7490026773330981,
            -0.9249312519567502
        ],
        [
            0.6555515757475143,
            0.7971265407885386,
            -0.005887976562772231
        ],
        [
            0.9836316991728242,
            -0.06113392630436987,
            -0.6447779411002651
        ],
        [
            -0.9145858741434839,
            -0.1693550588123363,
            -0.36409062957273386
        ],
        [
            -0.7724768034588505,
            0.00706998799179576,
            -4.446714736538606
        ],
        [
            -0.16207201689631834,
            1.0710828993306696,
            -0.3457341190757504
        ],
        [
            1.0291498447534324,
            -0.3622400667291452,
            2.229179890770366
        ],
        [
            -0.6086691616128718,
            -0.8542131547219812,
            -1.3959520810281127
        ]
    ]
}