{
    "n_lines": 10,
    "score": 25,
    "lines": [
        [
            0.3856420090679156,
            -0.9013202154361678,
            -0.8777424539412864
        ],
        [
            -0.8642682712973783,
            -0.3912898812010242,
            1.2978618170289749
        ],
        [
            -0.8032164399944811,
            -0.6997366895738709,
            -0.954420383568421
        ],
        [
            0.5927273443265483,
            0.8348262482826889,
            -0.05711224319490855
        ],
        [
            1.0506472510390499,
            -0.11165614605200323,
            -0.5691413181298045
        ],
        [
            -0.9651846595610288,
            -0.1588083752968922,
            -0.5387027133544287
        ],
        [
            -0.9599874072267752,
            -0.21014858398063663,
            -3.9940379574661615
        ],
        [
            -0.02453169908883713,
            1.0181696562020839,
            -0.5182696869665044
        ],
        [
            0.9619855276113463,
            -0.31811858446944524,
            2.323745422708448
        ],
        [
            -0.6015907914976069,
            -0.7360830836210646,
            -1.3145372115124878
        ]
    ]
}