{
    "n_lines": 10,
    "score": 25,
    "lines": [
        [
            0.4457629091329349,
            -1.0071812227529304,
            -0.9163585125597044
        ],
        [
            -0.8656165114148235,
            -0.5689451682955319,
            1.0567702503547154
        ],
        [
            -0.6999477857726856,
            -0.7390356889679113,
            -0.6407362429718607
        ],
        [
            0.6669561145382911,
            1.0122631036176974,
            -0.1012789861169279
        ],
        [
            0.880268573318134,
            0.061382790015184804,
            -0.7377422436592787
        ],
        [
            -0.9752300031621446,
            -0.20881367522924965,
            -0.7245805841698929
        ],
        [
            -0.8700534799861054,
            0.05744746344934228,
            -3.9340585150967735
        ],
        [
            -0.10519087375057767,
            1.034748566700908,
            -0.4557757202199165
        ],
        [
            0.7711504647285152,
            -0.43745016863840613,
            2.327769395873201
        ],
        [
            -0.4409694264961788,
            -0.6677655805675683,
            -1.2113328478369925
        ]
    ]
}