{
    "n_lines": 10,
    "score": 25,
    "lines": [
        [
            0.41494118595413604,
            -0.9098482358058266,
            -0.9565144457800117
        ],
        [
            -0.9235437916693838,
            -0.3834929789043571,
            1.3514476401255346
        ],
        [
            -0.7319485726210744,
            -0.6813598807076711,
            -0.8801473713374962
        ],
        [
            0.6079512854276757,
            0.7939743286447216,
            -0.09422652644597367
        ],
        [
            0.9964597922246614,
            -0.08407069929282492,
            -0.6698224157423889
        ],
        [
            -0.9684559054437561,
            -0.24918498993943178,
            -0.44368136488083304
        ],
        [
            -0.9744897919904449,
            -0.2244318277482483,
            -4.045609931995523
        ],
        [
            -0.07354213702328084,
            0.997292110708818,
            -0.4845082066029747
        ],
        [
            0.9556481625091339,
            -0.2945107629491931,
            2.237402720667995
        ],
        [
            -0.6162251793513991,
            -0.7875700148769861,
            -1.2530594261715873
        ]
    ]
}