{
    "n_lines": 10,
    "score": 25,
    "lines": [
        [
            0.4036767263144409,
            -0.914901689053013,
            -0.9808465656636463
        ],
        [
            -0.9097511638224333,
            -0.4151539713452447,
            1.3312653783620119
        ],
        [
            -0.7315127217676602,
            -0.6818277919622152,
            -0.8862475102132582
        ],
        [
            0.6131478000947277,
            0.7899682115370187,
            -0.06626492132800911
        ],
        [
            0.9976982210728427,
            -0.06781046872043447,
            -0.6731360024895267
        ],
        [
            -0.9653898444674738,
            -0.26081113511325893,
            -0.47888217766357194
        ],
        [
            -0.9716849355258002,
            -0.23628031249391404,
            -3.855612637308196
        ],
        [
            -0.052483729481520074,
            0.998621779323739,
            -0.46999341134241845
        ],
        [
            0.9454416286589056,
            -0.3257915388692534,
            2.210605730986664
        ],
        [
            -0.6387245500945008,
            -0.7694354742969532,
            -1.2469482368822369
        ]
    ]
}