{
    "n_lines": 10,
    "score": 25,
    "lines": [
        [
            0.5222589597756832,
            -1.1314581518727358,
            -0.7891732603433539
        ],
        [
            -0.6949666358338642,
            -0.45959514231958126,
            0.9865592859630674
        ],
        [
            -0.6009487299006036,
            -0.7153034311521433,
            -1.0081395144361873
        ],
        [
            0.7914902764091949,
            0.895671716059312,
            -0.18982674196863075
        ],
        [
            1.105177198257452,
            -0.0029433106388592097,
            -0.7156200778024979
        ],
        [
            -1.2683837827715538,
            -0.23900433917820335,
            -0.3009836675832917
        ],
        [
            -1.0945481183404233,
            -0.09578134571154777,
            -2.7199402130700836
        ],
        [
            -0.4334349479501819,
            1.1288065057453929,
            -0.6537302140914398
        ],
        [
            1.246686322551044,
            -0.46097913333054846,
            1.8926137590858034
        ],
        [
            -0.6184613076418101,
            -0.4908101018141139,
            -0.3318974694382786
        ]
    ]
}