{
    "n_lines": 10,
    "score": 25,
    "lines": [
        [
            0.3762390502502049,
            -0.8699140935910192,
            -0.9895413491258463
        ],
        [
            -0.9264352478818006,
            -0.3701530010495018,
            1.3057088587772123
        ],
        [
            -0.7556114677211042,
            -0.7044743789325968,
            -0.9137287870651626
        ],
        [
            0.6124836330781095,
            0.7994042474247517,
            -0.15200382841231533
        ],
        [
            0.9726578637354447,
            -0.0855455941432951,
            -0.6783410236141569
        ],
        [
            -0.9400024223247917,
            -0.21626724571555847,
            -0.4413059806541422
        ],
        [
            -0.9712055856496198,
            -0.2187134327955955,
            -4.040740375513851
        ],
        [
            -0.04841509048286618,
            0.9760673443917025,
            -0.4521467049277906
        ],
        [
            0.9416756884019415,
            -0.2974909051561101,
            2.2112688564319902
        ],
        [
            -0.6265024442418549,
            -0.7903450650193931,
            -1.1497744326595152
        ]
    ]
}