{
    "n_lines": 10,
    "score": 25,
    "lines": [
        [
            0.41219373028358486,
            -0.7974435589317342,
            -0.8121597005775014
        ],
        [
            -0.9001513869093145,
            -0.39082214260276027,
            1.4650431657568153
        ],
        [
            -0.6961963377688882,
            -0.6802869787894995,
            -0.7445075492868364
        ],
        [
            0.5875446315077137,
            0.9798107537122696,
            -0.07942278701214689
        ],
        [
            0.892072057186689,
            -0.09533360544690718,
            -0.7412863992892573
        ],
        [
            -1.0932953560868084,
            -0.3666925934917685,
            -0.5731386891328062
        ],
        [
            -0.8800264143926414,
            -0.17828556128884213,
            -4.281402781068604
        ],
        [
            -0.12168476555496623,
            1.0332091015558098,
            -0.49218956596764474
        ],
        [
            0.989666456807748,
            -0.19683401022872574,
            2.2938382515676197
        ],
        [
            -0.4627594523720552,
            -0.7684864267327524,
            -1.0573866071642164
        ]
    ]
}