{
    "n_lines": 10,
    "score": 25,
    "lines": [
        [
            0.23370670823428513,
            -0.9336882676810591,
            -0.9330743249513547
        ],
        [
            -0.7902673079954885,
            -0.45707809523771303,
            1.4369834269166784
        ],
        [
            -0.6917662242835584,
            -0.6907754140252319,
            -0.7499069293075714
        ],
        [
            0.6555667165562585,
            0.9014718870527282,
            -0.011098402855656657
        ],
        [
            0.9058565470477052,
            -0.15848263911259813,
            -0.6304478842427537
        ],
        [
            -0.8280536254537363,
            -0.2995839900004059,
            -0.3639345676513267
        ],
        [
            -0.8405599042745301,
            -0.21173390519776766,
            -4.357594729371182
        ],
        [
            -0.046822308187313116,
            1.1332462923329527,
            -0.4100350336257753
        ],
        [
            1.0181786983574999,
            -0.2794488323851368,
            2.3202210070708196
        ],
        [
            -0.5536879222095966,
            -0.7478247605341931,
            -1.2955407224010809
        ]
    ]
}