{
    "n_lines": 10,
    "score": 25,
    "lines": [
        [
            0.4343507402588011,
            -0.9099638302242125,
            -1.0009983486038891
        ],
        [
            -0.9246743384413482,
            -0.3842389967042143,
            1.3797276418202895
        ],
        [
            -0.7201373105955601,
            -0.7020654530295101,
            -0.9124363268579334
        ],
        [
            0.5904020701282292,
            0.8200488719784051,
            -0.06640188897444509
        ],
        [
            0.9999577210861149,
            -0.12055766432405125,
            -0.6560412969147891
        ],
        [
            -0.9759318750770094,
            -0.25094189444656856,
            -0.465496528234121
        ],
        [
            -0.9708572193186192,
            -0.2346578465938278,
            -3.7074480781632215
        ],
        [
            -0.08584789988817951,
            0.9929672846402403,
            -0.4694345398755929
        ],
        [
            0.9587467550591735,
            -0.3015393753786297,
            2.233619554157222
        ],
        [
            -0.5358180162694745,
            -0.8241419059599839,
            -1.2873444836265797
        ]
    ]
}