{
    "n_lines": 10,
    "score": 25,
    "lines": [
        [
            0.3778007890767115,
            -0.9567747949328941,
            -0.8958220408106331
        ],
        [
            -0.9219233010894486,
            -0.3914774295242092,
            1.38619905450865
        ],
        [
            -0.8305958965013239,
            -0.7323221293208552,
            -0.7714179864075945
        ],
        [
            0.7462236516756453,
            0.8159539512421156,
            -0.04605243698847146
        ],
        [
            0.9598052180844577,
            -0.1391513563019865,
            -0.7095885899328072
        ],
        [
            -0.876822268265232,
            -0.2410558082297689,
            -0.5147852018236303
        ],
        [
            -0.9420656689871042,
            -0.20572730519383067,
            -3.852809373561897
        ],
        [
            -0.09885112257844328,
            1.0162723164232699,
            -0.4517320135036075
        ],
        [
            0.9311916822520795,
            -0.26815736409972696,
            2.2766716251729298
        ],
        [
            -0.6360897510249984,
            -0.7431833080691671,
            -1.439588286907443
        ]
    ]
}