{
    "n_lines": 10,
    "score": 25,
    "lines": [
        [
            0.24993891532241092,
            -0.8546381887320353,
            -0.7043162261951982
        ],
        [
            -1.2339257351685171,
            -0.6728413311802967,
            1.626634945259718
        ],
        [
            -0.9428166141492297,
            -0.6375143842565547,
            -0.37742648824984554
        ],
        [
            0.607566202022491,
            0.601227012107588,
            -0.3147334756379947
        ],
        [
            0.6000111096972407,
            0.0030397974873882707,
            -0.38946354003229033
        ],
        [
            -1.071794481135715,
            -0.1549868380644059,
            -0.4971979147850675
        ],
        [
            -0.7573097482467109,
            -0.37385633195425794,
            -4.043673133482005
        ],
        [
            0.08933851477228846,
            0.8219121207443257,
            -0.13319817649264065
        ],
        [
            0.9377846003170924,
            -0.5585748107775332,
            2.318683769605931
        ],
        [
            -0.4653967720242712,
            -0.8392721808213164,
            -1.7358546828022177
        ]
    ]
}