{
    "n_lines": 10,
    "score": 25,
    "lines": [
        [
            0.6783614018217696,
            -1.1161286023813612,
            -0.6594839173655753
        ],
        [
            -0.5497587778942885,
            -0.3642019053995269,
            1.482905373152362
        ],
        [
            -0.772097266227142,
            -0.6815396283608643,
            -0.7128502994591066
        ],
        [
            1.0389024349174063,
            1.1712798586201811,
            -0.09714183235201693
        ],
        [
            1.1132223557048628,
            -0.06810906212308346,
            -0.24439271168961274
        ],
        [
            -1.1636246148500347,
            -0.20657959171104184,
            -0.898481617980506
        ],
        [
            -0.7007561918419959,
            -0.531919938996292,
            -4.557074427546961
        ],
        [
            -0.42211477261517305,
            1.1663105011906196,
            -0.664417742770387
        ],
        [
            0.8493522121867814,
            -0.28492455996718097,
            2.632710626102046
        ],
        [
            -0.2218251735613892,
            -0.35759944858046216,
            -0.9930716550872344
        ]
    ]
}