{
    "n_lines": 10,
    "score": 25,
    "lines": [
        [
            0.3389037124285948,
            -0.9131561149667391,
            -1.2488086273494425
        ],
        [
            -1.0130701348550346,
            -0.6540416298996019,
            1.33533092666936
        ],
        [
            -0.8409535954572328,
            -0.6627481204146852,
            -0.8511472519845393
        ],
        [
            0.5938066492498544,
            0.9378507004975049,
            -0.2921332847955666
        ],
        [
            1.0287407326322213,
            -0.030556949038500765,
            -0.5565948139307574
        ],
        [
            -0.8882221278817445,
            -0.15732130818976114,
            -0.3844418574290831
        ],
        [
            -0.5531033283756686,
            0.8601742657117017,
            -5.034020551053134
        ],
        [
            0.009716911900907295,
            1.0064895718968319,
            -0.5136746154585888
        ],
        [
            0.7514530874439337,
            -0.657040451706994,
            2.2120143578307916
        ],
        [
            -0.516320717866489,
            -0.5723194172979413,
            -1.0430875886058866
        ]
    ]
}