{
    "n_lines": 10,
    "score": 25,
    "lines": [
        [
            1.5730254744314836,
            -3.4214146234769336,
            -3.5905038284765767
        ],
        [
            -4.352753412948599,
            -1.8072200886011056,
            6.368386407975583
        ],
        [
            -5.56424351180196,
            -5.194681834888736,
            -6.6952910907724945
        ],
        [
            1.3605917908417067,
            1.7113973747407505,
            -0.20856846386428535
        ],
        [
            5.60603691108337,
            -0.46570702494973215,
            -3.7673007338148694
        ],
        [
            -5.131780849204906,
            -1.312775729783181,
            -2.36158177621788
        ],
        [
            -1.4736748257702708,
            -0.32607330576048393,
            -6.224840781048785
        ],
        [
            -0.3630383869865928,
            4.680522167658114,
            -2.2701994423697367
        ],
        [
            4.079849707944787,
            -1.2597660924267113,
            9.595182172244378
        ],
        [
            -1.0723239241303695,
            -1.3765378588762691,
            -2.150499198843168
        ]
    ]
}