{
    "n_lines": 10,
    "score": 25,
    "lines": [
        [
            0.38848299141622583,
            -0.9271695066468093,
            -0.9770707829553796
        ],
        [
            -0.9314036414061388,
            -0.24486361657081446,
            1.3037475527284987
        ],
        [
            -0.8505246653941116,
            -0.7209740797461525,
            -0.903482488314976
        ],
        [
            0.6299113228392142,
            0.7713455457765849,
            -0.0739737079491759
        ],
        [
            1.0108559251414149,
            -0.13310355665451945,
            -0.7396730840128952
        ],
        [
            -1.002407752421509,
            -0.2716007995015184,
            -0.43819592009749614
        ],
        [
            -0.9672650084658084,
            -0.2934572287973433,
            -4.345817364882546
        ],
        [
            -0.010063297419006148,
            1.0384499492299504,
            -0.5557966040305563
        ],
        [
            0.9945698080583134,
            -0.2962043454600635,
            2.269699044597816
        ],
        [
            -0.6606167819622538,
            -0.7289868552937586,
            -1.198984382614411
        ]
    ]
}