{
    "n_lines": 10,
    "score": 25,
    "lines": [
        [
            0.42703296927313567,
            -0.9343765709643514,
            -0.9599852171731288
        ],
        [
            -0.9553051064078836,
            -0.42983684427933333,
            1.368015739042613
        ],
        [
            -0.733935326328134,
            -0.6554548847535175,
            -0.8452861545924091
        ],
        [
            0.6031721528931688,
            0.7588247282563262,
            -0.15908133829045595
        ],
        [
            0.9747989811167329,
            -0.1228391497516647,
            -0.6284439828182362
        ],
        [
            -0.9363125266623209,
            -0.2226488152575516,
            -0.4612620739013546
        ],
        [
            -0.9763144249551703,
            -0.19464675583233643,
            -3.8177641223601384
        ],
        [
            -0.0871917950738288,
            0.9568235569681109,
            -0.5913251404120916
        ],
        [
            0.939060638216476,
            -0.2530293305556027,
            2.2593140995695355
        ],
        [
            -0.6300443039772146,
            -0.8098563989792515,
            -1.3124589748816955
        ]
    ]
}