{
    "n_lines": 10,
    "score": 25,
    "lines": [
        [
            0.46437528748292056,
            -0.6695588877714086,
            -0.9364317561019463
        ],
        [
            -0.8459404679817872,
            -0.5682029411831006,
            1.5642758963705925
        ],
        [
            -0.7610588600295153,
            -0.5939116954192596,
            -0.9332434708868753
        ],
        [
            0.6180840955673036,
            0.8343271417422995,
            0.15372769243062714
        ],
        [
            0.9188941155448678,
            -0.31921533639413924,
            -0.9300839155322024
        ],
        [
            -1.0061940534076563,
            -0.2516677782002472,
            -0.6080978662805099
        ],
        [
            -0.8679770864486095,
            -0.45207115049731716,
            -5.44043580888433
        ],
        [
            -0.1158443116183824,
            1.0534330720610539,
            -0.10358725686131742
        ],
        [
            0.9549195307372409,
            -0.21170478879064636,
            2.395410043520958
        ],
        [
            -0.48907478872900073,
            -0.7635860731644843,
            -1.3870436732407938
        ]
    ]
}