{
    "n_lines": 10,
    "score": 25,
    "lines": [
        [
            0.42169028526479485,
            -0.8833980224346627,
            -0.947107287874039
        ],
        [
            -0.9083496359805431,
            -0.4070820881926663,
            1.3110622354799017
        ],
        [
            -0.7448580343743032,
            -0.6568141877592475,
            -0.8494105552037357
        ],
        [
            0.6295233580263375,
            0.7386305732122416,
            -0.09403594131922913
        ],
        [
            1.0137893488614773,
            -0.052767919759181596,
            -0.6500472121324069
        ],
        [
            -0.9541239542855956,
            -0.21701788530004879,
            -0.48317223217233524
        ],
        [
            -0.9588506020388765,
            -0.10046804157787467,
            -4.862728444665029
        ],
        [
            -0.08894130634522777,
            0.9855003523483307,
            -0.5108724642638642
        ],
        [
            0.9837733261944505,
            -0.2814655202645605,
            2.154260947485114
        ],
        [
            -0.6793415094491474,
            -0.7064383336727363,
            -1.3684240512896764
        ]
    ]
}