{
    "n_lines": 10,
    "score": 25,
    "lines": [
        [
            0.2670691823413009,
            -0.9523158651449971,
            -1.0117780636147553
        ],
        [
            -0.9609952785372089,
            -0.4470602529994513,
            1.2395999231431853
        ],
        [
            -0.826003699838441,
            -0.7517611308176375,
            -0.8402433357677969
        ],
        [
            0.6405211605569977,
            0.8584887158867934,
            0.010840975960541583
        ],
        [
            0.995027195399013,
            -0.22751001160992537,
            -0.7102992022569168
        ],
        [
            -1.0306128775141552,
            -0.20437439436719135,
            -0.5682407185981518
        ],
        [
            -1.0368025589578622,
            -0.09143398975783572,
            -3.7913588147600223
        ],
        [
            -0.10439911149996565,
            0.9480121737147441,
            -0.4709135201537128
        ],
        [
            0.9660819058387636,
            -0.37067606457603874,
            2.4907589368967264
        ],
        [
            -0.5182995719083131,
            -0.7461030738389786,
            -1.1446747041741316
        ]
    ]
}