{
    "n_lines": 10,
    "score": 25,
    "lines": [
        [
            0.40665926240676786,
            -0.9640062820446683,
            -0.9310707989547432
        ],
        [
            -0.8937132824645503,
            -0.48326720893706615,
            1.4554356125938424
        ],
        [
            -0.6498297131602452,
            -0.6491512895734822,
            -0.7547987446007532
        ],
        [
            0.6975302563781541,
            0.8291624079589551,
            -0.0841110293561394
        ],
        [
            1.11726562087207,
            0.02858541051646331,
            -0.6237347065696824
        ],
        [
            -0.8659092467391114,
            -0.3505707909835213,
            -0.6931217150423855
        ],
        [
            -0.7231706482816803,
            -0.2153376200197338,
            -4.300053256282898
        ],
        [
            -0.2577517348740625,
            1.1779812879701956,
            -0.5896947994035939
        ],
        [
            1.1252424964376817,
            -0.19309923680344365,
            2.0030937829205966
        ],
        [
            -0.656472882166981,
            -0.8597044190073875,
            -1.2257219349529378
        ]
    ]
}