{
    "n_lines": 10,
    "score": 25,
    "lines": [
        [
            0.4191336741559584,
            -0.9079245360648246,
            -0.9569971231219966
        ],
        [
            -0.911889922908757,
            -0.41043485292730814,
            1.3323343005294594
        ],
        [
            -0.7370715056608335,
            -0.675814764223801,
            -0.896021047086038
        ],
        [
            0.5709215079958873,
            0.8210046477990863,
            -0.15403024132364557
        ],
        [
            0.9980510800967864,
            -0.06240225570953261,
            -0.6936823363840582
        ],
        [
            -0.9703986823286745,
            -0.24150858646179046,
            -0.44680679552782415
        ],
        [
            -0.9720343014906379,
            -0.23483891654836006,
            -4.00236532716638
        ],
        [
            -0.1000134878151782,
            0.9949860814378477,
            -0.4545477431420236
        ],
        [
            0.9491198777173758,
            -0.31491500078871054,
            2.198372922483289
        ],
        [
            -0.6416001677476539,
            -0.7670392589341057,
            -1.3331497050999421
        ]
    ]
}