{
    "n_lines": 10,
    "score": 25,
    "lines": [
        [
            0.39565204040875585,
            -0.9817958220573036,
            -1.0089381977993084
        ],
        [
            -0.8310828348380204,
            -0.3187639235010943,
            1.4968575104145496
        ],
        [
            -0.6647517832083752,
            -0.6950331515952609,
            -0.8209643340579036
        ],
        [
            0.5593333380562303,
            0.8052052579183273,
            -0.21793429479190324
        ],
        [
            1.0454437799691083,
            -0.07361000824663726,
            -0.7714203559442053
        ],
        [
            -1.017975343307519,
            -0.17929362376954347,
            -0.5552734617456538
        ],
        [
            -0.9753510161654282,
            -0.280564747792662,
            -4.351716004090002
        ],
        [
            -0.012372123824490553,
            1.041323974904845,
            -0.5317846134009455
        ],
        [
            0.9432237978490662,
            -0.30541634901457465,
            2.334495474496965
        ],
        [
            -0.44569230767440754,
            -0.7231336902654179,
            -1.0262110815758958
        ]
    ]
}