{
    "n_lines": 10,
    "score": 25,
    "lines": [
        [
            0.7693195592975898,
            -1.3183421214874795,
            -1.3075035333507268
        ],
        [
            -1.5822300296564717,
            -0.5451234183050115,
            1.3051310616833747
        ],
        [
            -0.44617824217601715,
            -0.4776049985218438,
            -0.7537339163753489
        ],
        [
            0.5084721833288843,
            0.7738336364817751,
            0.24887963815802217
        ],
        [
            1.1429205139786083,
            -0.11032342799260114,
            -0.5263650299290755
        ],
        [
            -0.8903310412567295,
            -0.2991176159465199,
            -1.0219744079085915
        ],
        [
            -0.3760636507960772,
            -0.24242516000579362,
            -6.6959102914409385
        ],
        [
            -0.10234431549092488,
            0.8486950075402286,
            -0.489297534373078
        ],
        [
            0.9934776748166211,
            -0.052978862769002495,
            2.72738179318622
        ],
        [
            -0.2735096422010582,
            -0.7149241643532608,
            -1.2964726301398295
        ]
    ]
}