{
    "n_lines": 10,
    "score": 25,
    "lines": [
        [
            0.40074226879542774,
            -0.916190828376214,
            -0.9686563578114693
        ],
        [
            -0.9331052572018901,
            -0.3596033634189128,
            1.3763165352711595
        ],
        [
            -0.7124077433086611,
            -0.7017657780726139,
            -0.886831924721718
        ],
        [
            0.5669852511619721,
            0.8237279435376681,
            -0.11529756414314701
        ],
        [
            0.9974383104483683,
            -0.0715319288842709,
            -0.653546648680257
        ],
        [
            -0.9733045730933532,
            -0.22951733702612853,
            -0.4910425105233841
        ],
        [
            -0.9794957092132475,
            -0.20146502334856362,
            -4.05390831103851
        ],
        [
            -0.05879945264943739,
            0.9982698154147137,
            -0.4944940629967603
        ],
        [
            0.9496147809657415,
            -0.3134194757372088,
            2.1655274045453643
        ],
        [
            -0.595271213676025,
            -0.8035248485072956,
            -1.1953450347113448
        ]
    ]
}