{
    "n_lines": 10,
    "score": 25,
    "lines": [
        [
            0.3674145499983461,
            -0.930057282348519,
            -0.9733225577424582
        ],
        [
            -0.9195363042392825,
            -0.39300507017844194,
            1.3475877714299596
        ],
        [
            -0.7427570438090443,
            -0.6695610307298727,
            -0.8372679168828634
        ],
        [
            0.6280126213786934,
            0.7782031530320741,
            -0.036326842718572096
        ],
        [
            0.995354490160511,
            -0.09627792538951607,
            -0.7063475703824599
        ],
        [
            -0.9735888040950842,
            -0.22830865191819597,
            -0.4527440833023455
        ],
        [
            -0.9815504646821261,
            -0.19120325646364444,
            -3.992583131853695
        ],
        [
            -0.07490303714218437,
            0.9971908217722807,
            -0.5321316038498728
        ],
        [
            0.9606218227628566,
            -0.2778591615041099,
            2.3056733733163766
        ],
        [
            -0.5660856393022639,
            -0.824346437473801,
            -1.2192159983981887
        ]
    ]
}