{
    "n_lines": 10,
    "score": 25,
    "lines": [
        [
            0.4667415140107988,
            -0.87253179738074,
            -0.9528164866946021
        ],
        [
            -0.9259821139070935,
            -0.3913156322003885,
            1.386114806363852
        ],
        [
            -0.7399376303446619,
            -0.6789534410931118,
            -0.9149231649891294
        ],
        [
            0.5786977776281245,
            0.810504785069053,
            -0.08717651537514819
        ],
        [
            0.9980834655659099,
            -0.14309522717232367,
            -0.6740844781226937
        ],
        [
            -0.9838510689898557,
            -0.22029205732017018,
            -0.4545967834977275
        ],
        [
            -0.9846905608366343,
            -0.12908569547858767,
            -4.0938924654422015
        ],
        [
            -0.0010558785818657011,
            1.0109669338220804,
            -0.5259714542367655
        ],
        [
            0.9705977575932382,
            -0.32487850889510406,
            2.19122129359488
        ],
        [
            -0.5964847036577703,
            -0.7699682753008644,
            -1.1713416373003145
        ]
    ]
}