{
    "n_lines": 10,
    "score": 25,
    "lines": [
        [
            0.43821826867929775,
            -0.9674305924918094,
            -1.039112416701671
        ],
        [
            -0.9200395381396631,
            -0.4573154589336646,
            1.218064379572674
        ],
        [
            -0.7273475032839581,
            -0.578513819679516,
            -0.8688669404461808
        ],
        [
            0.5966241202504862,
            0.659720377014133,
            -0.20221404339718374
        ],
        [
            0.9447475379040443,
            -0.20156859113327807,
            -0.668996497538258
        ],
        [
            -0.9714027363027317,
            -0.2900481071069603,
            -0.6002905058281156
        ],
        [
            -0.8961698799837778,
            -0.15452254225573883,
            -3.8693335099990867
        ],
        [
            -0.14961300354793244,
            0.949712321465888,
            -0.34676955747221844
        ],
        [
            0.9167942410857288,
            -0.2320948387681309,
            2.2656081750076384
        ],
        [
            -0.39108776490268266,
            -0.7728758219896192,
            -1.3898675570163286
        ]
    ]
}