{
    "n_lines": 10,
    "score": 25,
    "lines": [
        [
            0.5330255794706485,
            -1.8536023742105412,
            -1.0881992403681415
        ],
        [
            -1.193718810938545,
            -0.6344363418382626,
            1.394084385859648
        ],
        [
            -0.4789973296603999,
            -0.791592655838146,
            -1.2048752044895092
        ],
        [
            0.5144610561941036,
            1.115630076245872,
            -0.11180345852337785
        ],
        [
            1.4249355146278844,
            0.22456795538945423,
            -0.4777808163099974
        ],
        [
            -1.1735738857189202,
            -0.37436560805012453,
            -0.6090182249406169
        ],
        [
            -0.7186451791634577,
            -0.4868451441389364,
            -3.0093477667209805
        ],
        [
            -0.10502771340619377,
            1.1306491801148277,
            -0.10067998484969536
        ],
        [
            1.749407043129149,
            0.07345712385290953,
            2.086126719528311
        ],
        [
            -0.5600001392218469,
            -0.5821729841422001,
            -0.32942753272876935
        ]
    ]
}