{
    "n_lines": 10,
    "score": 25,
    "lines": [
        [
            0.3686116617141219,
            -0.9901100837035843,
            -0.7989662216335097
        ],
        [
            -0.9932617714307516,
            -0.26210495786517884,
            1.38565451346664
        ],
        [
            -0.7300857507912881,
            -0.7583363196726162,
            -0.7310539458610205
        ],
        [
            0.5897994839481322,
            0.8408886833402055,
            -0.07756090913976485
        ],
        [
            0.9070835246721539,
            -0.1888119726731756,
            -0.7040877297194064
        ],
        [
            -1.0351361510992745,
            -0.18687040263121915,
            -0.3810029943147097
        ],
        [
            -1.0314471353284955,
            -0.05118081326283748,
            -4.024555058325379
        ],
        [
            -0.14274735482118367,
            1.0660473321691328,
            -0.4870187526658739
        ],
        [
            1.0166243588545696,
            -0.23938228458897673,
            2.281243359027329
        ],
        [
            -0.5214591842453358,
            -0.8664930227980794,
            -1.1778197686800105
        ]
    ]
}