{
    "n_lines": 10,
    "score": 25,
    "lines": [
        [
            0.4007964097487274,
            -0.9186375731574604,
            -0.9869952768851744
        ],
        [
            -0.9221353638457918,
            -0.3491620999199308,
            1.3172902365066355
        ],
        [
            -0.7358548108090843,
            -0.6714333968900534,
            -0.8850261021593046
        ],
        [
            0.6036119007676285,
            0.7935575621696488,
            -0.04143389396014787
        ],
        [
            1.0096293157830538,
            -0.06276016669123435,
            -0.6739276194441745
        ],
        [
            -0.9659159659778598,
            -0.2251230077636344,
            -0.4693146366757458
        ],
        [
            -0.9667772425466953,
            -0.23294676424253022,
            -4.8139090482157565
        ],
        [
            -0.08078567634187092,
            1.0064637689332192,
            -0.4860245399171183
        ],
        [
            0.9667517065707631,
            -0.3016830507127072,
            2.317407635452407
        ],
        [
            -0.5649041326350177,
            -0.8051538403899217,
            -1.2572170682239487
        ]
    ]
}